"","Rank","Title","Link","NA.","Rating","VoteCount","Description","MetaScore"
"1","1"," The Shawshank Redemption","https://imdb.com/title/tt0111161/?ref_=chttp_t_1","https://imdb.com/title/tt0111161/?ref_=chttp_t_1","9.3","2.8M","Over the course of several years, two convicts form a friendship, seeking consolation and, eventually, redemption through basic compassion.","82"
"2","2"," The Godfather","https://imdb.com/title/tt0068646/?ref_=chttp_t_2","https://imdb.com/title/tt0068646/?ref_=chttp_t_2","9.2","2M","Don Vito Corleone, head of a mafia family, decides to hand over his empire to his youngest son Michael. However, his decision unintentionally puts the lives of his loved ones in grave danger.","100"
"3","3"," The Dark Knight","https://imdb.com/title/tt0468569/?ref_=chttp_t_3","https://imdb.com/title/tt0468569/?ref_=chttp_t_3","9.3","2.8M","Over the course of several years, two convicts form a friendship, seeking consolation and, eventually, redemption through basic compassion.","82"
"4","4"," The Godfather Part II","https://imdb.com/title/tt0071562/?ref_=chttp_t_4","https://imdb.com/title/tt0071562/?ref_=chttp_t_4","9.2","2M","Don Vito Corleone, head of a mafia family, decides to hand over his empire to his youngest son Michael. However, his decision unintentionally puts the lives of his loved ones in grave danger.","100"
"5","5"," 12 Angry Men","https://imdb.com/title/tt0050083/?ref_=chttp_t_5","https://imdb.com/title/tt0050083/?ref_=chttp_t_5","9.3","2.8M","Over the course of several years, two convicts form a friendship, seeking consolation and, eventually, redemption through basic compassion.","82"
"6","6"," Schindler's List","https://imdb.com/title/tt0108052/?ref_=chttp_t_6","https://imdb.com/title/tt0108052/?ref_=chttp_t_6","9.2","2M","Don Vito Corleone, head of a mafia family, decides to hand over his empire to his youngest son Michael. However, his decision unintentionally puts the lives of his loved ones in grave danger.","100"
"7","7"," The Lord of the Rings: The Return of the King","https://imdb.com/title/tt0167260/?ref_=chttp_t_7","https://imdb.com/title/tt0167260/?ref_=chttp_t_7","9.3","2.8M","Over the course of several years, two convicts form a friendship, seeking consolation and, eventually, redemption through basic compassion.","82"
"8","8"," Pulp Fiction","https://imdb.com/title/tt0110912/?ref_=chttp_t_8","https://imdb.com/title/tt0110912/?ref_=chttp_t_8","9.2","2M","Don Vito Corleone, head of a mafia family, decides to hand over his empire to his youngest son Michael. However, his decision unintentionally puts the lives of his loved ones in grave danger.","100"
"9","9"," The Lord of the Rings: The Fellowship of the Ring","https://imdb.com/title/tt0120737/?ref_=chttp_t_9","https://imdb.com/title/tt0120737/?ref_=chttp_t_9","9.3","2.8M","Over the course of several years, two convicts form a friendship, seeking consolation and, eventually, redemption through basic compassion.","82"
"10","10"," The Good, the Bad and the Ugly","https://imdb.com/title/tt0060196/?ref_=chttp_t_10","https://imdb.com/title/tt0060196/?ref_=chttp_t_10","9.2","2M","Don Vito Corleone, head of a mafia family, decides to hand over his empire to his youngest son Michael. However, his decision unintentionally puts the lives of his loved ones in grave danger.","100"
"11","11"," Forrest Gump","https://imdb.com/title/tt0109830/?ref_=chttp_t_11","https://imdb.com/title/tt0109830/?ref_=chttp_t_11","9.3","2.8M","Over the course of several years, two convicts form a friendship, seeking consolation and, eventually, redemption through basic compassion.","82"
"12","12"," Fight Club","https://imdb.com/title/tt0137523/?ref_=chttp_t_12","https://imdb.com/title/tt0137523/?ref_=chttp_t_12","9.2","2M","Don Vito Corleone, head of a mafia family, decides to hand over his empire to his youngest son Michael. However, his decision unintentionally puts the lives of his loved ones in grave danger.","100"
"13","13"," The Lord of the Rings: The Two Towers","https://imdb.com/title/tt0167261/?ref_=chttp_t_13","https://imdb.com/title/tt0167261/?ref_=chttp_t_13","9.3","2.8M","Over the course of several years, two convicts form a friendship, seeking consolation and, eventually, redemption through basic compassion.","82"
"14","14"," Inception","https://imdb.com/title/tt1375666/?ref_=chttp_t_14","https://imdb.com/title/tt1375666/?ref_=chttp_t_14","9.2","2M","Don Vito Corleone, head of a mafia family, decides to hand over his empire to his youngest son Michael. However, his decision unintentionally puts the lives of his loved ones in grave danger.","100"
"15","15"," Star Wars: Episode V - The Empire Strikes Back","https://imdb.com/title/tt0080684/?ref_=chttp_t_15","https://imdb.com/title/tt0080684/?ref_=chttp_t_15","9.3","2.8M","Over the course of several years, two convicts form a friendship, seeking consolation and, eventually, redemption through basic compassion.","82"
"16","16"," The Matrix","https://imdb.com/title/tt0133093/?ref_=chttp_t_16","https://imdb.com/title/tt0133093/?ref_=chttp_t_16","9.2","2M","Don Vito Corleone, head of a mafia family, decides to hand over his empire to his youngest son Michael. However, his decision unintentionally puts the lives of his loved ones in grave danger.","100"
"17","17"," Goodfellas","https://imdb.com/title/tt0099685/?ref_=chttp_t_17","https://imdb.com/title/tt0099685/?ref_=chttp_t_17","9.3","2.8M","Over the course of several years, two convicts form a friendship, seeking consolation and, eventually, redemption through basic compassion.","82"
"18","18"," One Flew Over the Cuckoo's Nest","https://imdb.com/title/tt0073486/?ref_=chttp_t_18","https://imdb.com/title/tt0073486/?ref_=chttp_t_18","9.2","2M","Don Vito Corleone, head of a mafia family, decides to hand over his empire to his youngest son Michael. However, his decision unintentionally puts the lives of his loved ones in grave danger.","100"
"19","19"," Se7en","https://imdb.com/title/tt0114369/?ref_=chttp_t_19","https://imdb.com/title/tt0114369/?ref_=chttp_t_19","9.3","2.8M","Over the course of several years, two convicts form a friendship, seeking consolation and, eventually, redemption through basic compassion.","82"
"20","20"," It's a Wonderful Life","https://imdb.com/title/tt0038650/?ref_=chttp_t_20","https://imdb.com/title/tt0038650/?ref_=chttp_t_20","9.2","2M","Don Vito Corleone, head of a mafia family, decides to hand over his empire to his youngest son Michael. However, his decision unintentionally puts the lives of his loved ones in grave danger.","100"
"21","21"," Seven Samurai","https://imdb.com/title/tt0047478/?ref_=chttp_t_21","https://imdb.com/title/tt0047478/?ref_=chttp_t_21","9.3","2.8M","Over the course of several years, two convicts form a friendship, seeking consolation and, eventually, redemption through basic compassion.","82"
"22","22"," Interstellar","https://imdb.com/title/tt0816692/?ref_=chttp_t_22","https://imdb.com/title/tt0816692/?ref_=chttp_t_22","9.2","2M","Don Vito Corleone, head of a mafia family, decides to hand over his empire to his youngest son Michael. However, his decision unintentionally puts the lives of his loved ones in grave danger.","100"
"23","23"," The Silence of the Lambs","https://imdb.com/title/tt0102926/?ref_=chttp_t_23","https://imdb.com/title/tt0102926/?ref_=chttp_t_23","9.3","2.8M","Over the course of several years, two convicts form a friendship, seeking consolation and, eventually, redemption through basic compassion.","82"
"24","24"," Saving Private Ryan","https://imdb.com/title/tt0120815/?ref_=chttp_t_24","https://imdb.com/title/tt0120815/?ref_=chttp_t_24","9.2","2M","Don Vito Corleone, head of a mafia family, decides to hand over his empire to his youngest son Michael. However, his decision unintentionally puts the lives of his loved ones in grave danger.","100"
"25","25"," City of God","https://imdb.com/title/tt0317248/?ref_=chttp_t_25","https://imdb.com/title/tt0317248/?ref_=chttp_t_25","9.3","2.8M","Over the course of several years, two convicts form a friendship, seeking consolation and, eventually, redemption through basic compassion.","82"
"26","26"," Life Is Beautiful","https://imdb.com/title/tt0118799/?ref_=chttp_t_26","https://imdb.com/title/tt0118799/?ref_=chttp_t_26","9.2","2M","Don Vito Corleone, head of a mafia family, decides to hand over his empire to his youngest son Michael. However, his decision unintentionally puts the lives of his loved ones in grave danger.","100"
"27","27"," The Green Mile","https://imdb.com/title/tt0120689/?ref_=chttp_t_27","https://imdb.com/title/tt0120689/?ref_=chttp_t_27","9.3","2.8M","Over the course of several years, two convicts form a friendship, seeking consolation and, eventually, redemption through basic compassion.","82"
"28","28"," Spider-Man: Across the Spider-Verse","https://imdb.com/title/tt9362722/?ref_=chttp_t_28","https://imdb.com/title/tt9362722/?ref_=chttp_t_28","9.2","2M","Don Vito Corleone, head of a mafia family, decides to hand over his empire to his youngest son Michael. However, his decision unintentionally puts the lives of his loved ones in grave danger.","100"
"29","29"," Star Wars: Episode IV - A New Hope","https://imdb.com/title/tt0076759/?ref_=chttp_t_29","https://imdb.com/title/tt0076759/?ref_=chttp_t_29","9.3","2.8M","Over the course of several years, two convicts form a friendship, seeking consolation and, eventually, redemption through basic compassion.","82"
"30","30"," Terminator 2: Judgment Day","https://imdb.com/title/tt0103064/?ref_=chttp_t_30","https://imdb.com/title/tt0103064/?ref_=chttp_t_30","9.2","2M","Don Vito Corleone, head of a mafia family, decides to hand over his empire to his youngest son Michael. However, his decision unintentionally puts the lives of his loved ones in grave danger.","100"
"31","31"," Back to the Future","https://imdb.com/title/tt0088763/?ref_=chttp_t_31","https://imdb.com/title/tt0088763/?ref_=chttp_t_31","9.3","2.8M","Over the course of several years, two convicts form a friendship, seeking consolation and, eventually, redemption through basic compassion.","82"
"32","32"," Spirited Away","https://imdb.com/title/tt0245429/?ref_=chttp_t_32","https://imdb.com/title/tt0245429/?ref_=chttp_t_32","9.2","2M","Don Vito Corleone, head of a mafia family, decides to hand over his empire to his youngest son Michael. However, his decision unintentionally puts the lives of his loved ones in grave danger.","100"
"33","33"," The Pianist","https://imdb.com/title/tt0253474/?ref_=chttp_t_33","https://imdb.com/title/tt0253474/?ref_=chttp_t_33","9.3","2.8M","Over the course of several years, two convicts form a friendship, seeking consolation and, eventually, redemption through basic compassion.","82"
"34","34"," Psycho","https://imdb.com/title/tt0054215/?ref_=chttp_t_34","https://imdb.com/title/tt0054215/?ref_=chttp_t_34","9.2","2M","Don Vito Corleone, head of a mafia family, decides to hand over his empire to his youngest son Michael. However, his decision unintentionally puts the lives of his loved ones in grave danger.","100"
"35","35"," Parasite","https://imdb.com/title/tt6751668/?ref_=chttp_t_35","https://imdb.com/title/tt6751668/?ref_=chttp_t_35","9.3","2.8M","Over the course of several years, two convicts form a friendship, seeking consolation and, eventually, redemption through basic compassion.","82"
"36","36"," Gladiator","https://imdb.com/title/tt0172495/?ref_=chttp_t_36","https://imdb.com/title/tt0172495/?ref_=chttp_t_36","9.2","2M","Don Vito Corleone, head of a mafia family, decides to hand over his empire to his youngest son Michael. However, his decision unintentionally puts the lives of his loved ones in grave danger.","100"
"37","37"," The Lion King","https://imdb.com/title/tt0110357/?ref_=chttp_t_37","https://imdb.com/title/tt0110357/?ref_=chttp_t_37","9.3","2.8M","Over the course of several years, two convicts form a friendship, seeking consolation and, eventually, redemption through basic compassion.","82"
"38","38"," Léon: The Professional","https://imdb.com/title/tt0110413/?ref_=chttp_t_38","https://imdb.com/title/tt0110413/?ref_=chttp_t_38","9.2","2M","Don Vito Corleone, head of a mafia family, decides to hand over his empire to his youngest son Michael. However, his decision unintentionally puts the lives of his loved ones in grave danger.","100"
"39","39"," American History X","https://imdb.com/title/tt0120586/?ref_=chttp_t_39","https://imdb.com/title/tt0120586/?ref_=chttp_t_39","9.3","2.8M","Over the course of several years, two convicts form a friendship, seeking consolation and, eventually, redemption through basic compassion.","82"
"40","40"," The Departed","https://imdb.com/title/tt0407887/?ref_=chttp_t_40","https://imdb.com/title/tt0407887/?ref_=chttp_t_40","9.2","2M","Don Vito Corleone, head of a mafia family, decides to hand over his empire to his youngest son Michael. However, his decision unintentionally puts the lives of his loved ones in grave danger.","100"
"41","41"," Whiplash","https://imdb.com/title/tt2582802/?ref_=chttp_t_41","https://imdb.com/title/tt2582802/?ref_=chttp_t_41","9.3","2.8M","Over the course of several years, two convicts form a friendship, seeking consolation and, eventually, redemption through basic compassion.","82"
"42","42"," The Prestige","https://imdb.com/title/tt0482571/?ref_=chttp_t_42","https://imdb.com/title/tt0482571/?ref_=chttp_t_42","9.2","2M","Don Vito Corleone, head of a mafia family, decides to hand over his empire to his youngest son Michael. However, his decision unintentionally puts the lives of his loved ones in grave danger.","100"
"43","43"," Grave of the Fireflies","https://imdb.com/title/tt0095327/?ref_=chttp_t_43","https://imdb.com/title/tt0095327/?ref_=chttp_t_43","9.3","2.8M","Over the course of several years, two convicts form a friendship, seeking consolation and, eventually, redemption through basic compassion.","82"
"44","44"," The Usual Suspects","https://imdb.com/title/tt0114814/?ref_=chttp_t_44","https://imdb.com/title/tt0114814/?ref_=chttp_t_44","9.2","2M","Don Vito Corleone, head of a mafia family, decides to hand over his empire to his youngest son Michael. However, his decision unintentionally puts the lives of his loved ones in grave danger.","100"
"45","45"," Harakiri","https://imdb.com/title/tt0056058/?ref_=chttp_t_45","https://imdb.com/title/tt0056058/?ref_=chttp_t_45","9.3","2.8M","Over the course of several years, two convicts form a friendship, seeking consolation and, eventually, redemption through basic compassion.","82"
"46","46"," Casablanca","https://imdb.com/title/tt0034583/?ref_=chttp_t_46","https://imdb.com/title/tt0034583/?ref_=chttp_t_46","9.2","2M","Don Vito Corleone, head of a mafia family, decides to hand over his empire to his youngest son Michael. However, his decision unintentionally puts the lives of his loved ones in grave danger.","100"
"47","47"," The Intouchables","https://imdb.com/title/tt1675434/?ref_=chttp_t_47","https://imdb.com/title/tt1675434/?ref_=chttp_t_47","9.3","2.8M","Over the course of several years, two convicts form a friendship, seeking consolation and, eventually, redemption through basic compassion.","82"
"48","48"," Modern Times","https://imdb.com/title/tt0027977/?ref_=chttp_t_48","https://imdb.com/title/tt0027977/?ref_=chttp_t_48","9.2","2M","Don Vito Corleone, head of a mafia family, decides to hand over his empire to his youngest son Michael. However, his decision unintentionally puts the lives of his loved ones in grave danger.","100"
"49","49"," Cinema Paradiso","https://imdb.com/title/tt0095765/?ref_=chttp_t_49","https://imdb.com/title/tt0095765/?ref_=chttp_t_49","9.3","2.8M","Over the course of several years, two convicts form a friendship, seeking consolation and, eventually, redemption through basic compassion.","82"
"50","50"," Once Upon a Time in the West","https://imdb.com/title/tt0064116/?ref_=chttp_t_50","https://imdb.com/title/tt0064116/?ref_=chttp_t_50","9.2","2M","Don Vito Corleone, head of a mafia family, decides to hand over his empire to his youngest son Michael. However, his decision unintentionally puts the lives of his loved ones in grave danger.","100"
"51","51"," Rear Window","https://imdb.com/title/tt0047396/?ref_=chttp_t_51","https://imdb.com/title/tt0047396/?ref_=chttp_t_51","9.3","2.8M","Over the course of several years, two convicts form a friendship, seeking consolation and, eventually, redemption through basic compassion.","82"
"52","52"," Alien","https://imdb.com/title/tt0078748/?ref_=chttp_t_52","https://imdb.com/title/tt0078748/?ref_=chttp_t_52","9.2","2M","Don Vito Corleone, head of a mafia family, decides to hand over his empire to his youngest son Michael. However, his decision unintentionally puts the lives of his loved ones in grave danger.","100"
"53","53"," City Lights","https://imdb.com/title/tt0021749/?ref_=chttp_t_53","https://imdb.com/title/tt0021749/?ref_=chttp_t_53","9.3","2.8M","Over the course of several years, two convicts form a friendship, seeking consolation and, eventually, redemption through basic compassion.","82"
"54","54"," Apocalypse Now","https://imdb.com/title/tt0078788/?ref_=chttp_t_54","https://imdb.com/title/tt0078788/?ref_=chttp_t_54","9.2","2M","Don Vito Corleone, head of a mafia family, decides to hand over his empire to his youngest son Michael. However, his decision unintentionally puts the lives of his loved ones in grave danger.","100"
"55","55"," Django Unchained","https://imdb.com/title/tt1853728/?ref_=chttp_t_55","https://imdb.com/title/tt1853728/?ref_=chttp_t_55","9.3","2.8M","Over the course of several years, two convicts form a friendship, seeking consolation and, eventually, redemption through basic compassion.","82"
"56","56"," Memento","https://imdb.com/title/tt0209144/?ref_=chttp_t_56","https://imdb.com/title/tt0209144/?ref_=chttp_t_56","9.2","2M","Don Vito Corleone, head of a mafia family, decides to hand over his empire to his youngest son Michael. However, his decision unintentionally puts the lives of his loved ones in grave danger.","100"
"57","57"," Raiders of the Lost Ark","https://imdb.com/title/tt0082971/?ref_=chttp_t_57","https://imdb.com/title/tt0082971/?ref_=chttp_t_57","9.3","2.8M","Over the course of several years, two convicts form a friendship, seeking consolation and, eventually, redemption through basic compassion.","82"
"58","58"," WALL·E","https://imdb.com/title/tt0910970/?ref_=chttp_t_58","https://imdb.com/title/tt0910970/?ref_=chttp_t_58","9.2","2M","Don Vito Corleone, head of a mafia family, decides to hand over his empire to his youngest son Michael. However, his decision unintentionally puts the lives of his loved ones in grave danger.","100"
"59","59"," The Lives of Others","https://imdb.com/title/tt0405094/?ref_=chttp_t_59","https://imdb.com/title/tt0405094/?ref_=chttp_t_59","9.3","2.8M","Over the course of several years, two convicts form a friendship, seeking consolation and, eventually, redemption through basic compassion.","82"
"60","60"," Sunset Blvd","https://imdb.com/title/tt0043014/?ref_=chttp_t_60","https://imdb.com/title/tt0043014/?ref_=chttp_t_60","9.2","2M","Don Vito Corleone, head of a mafia family, decides to hand over his empire to his youngest son Michael. However, his decision unintentionally puts the lives of his loved ones in grave danger.","100"
"61","61"," Paths of Glory","https://imdb.com/title/tt0050825/?ref_=chttp_t_61","https://imdb.com/title/tt0050825/?ref_=chttp_t_61","9.3","2.8M","Over the course of several years, two convicts form a friendship, seeking consolation and, eventually, redemption through basic compassion.","82"
"62","62"," Avengers: Infinity War","https://imdb.com/title/tt4154756/?ref_=chttp_t_62","https://imdb.com/title/tt4154756/?ref_=chttp_t_62","9.2","2M","Don Vito Corleone, head of a mafia family, decides to hand over his empire to his youngest son Michael. However, his decision unintentionally puts the lives of his loved ones in grave danger.","100"
"63","63"," The Shining","https://imdb.com/title/tt0081505/?ref_=chttp_t_63","https://imdb.com/title/tt0081505/?ref_=chttp_t_63","9.3","2.8M","Over the course of several years, two convicts form a friendship, seeking consolation and, eventually, redemption through basic compassion.","82"
"64","64"," Spider-Man: Into the Spider-Verse","https://imdb.com/title/tt4633694/?ref_=chttp_t_64","https://imdb.com/title/tt4633694/?ref_=chttp_t_64","9.2","2M","Don Vito Corleone, head of a mafia family, decides to hand over his empire to his youngest son Michael. However, his decision unintentionally puts the lives of his loved ones in grave danger.","100"
"65","65"," Witness for the Prosecution","https://imdb.com/title/tt0051201/?ref_=chttp_t_65","https://imdb.com/title/tt0051201/?ref_=chttp_t_65","9.3","2.8M","Over the course of several years, two convicts form a friendship, seeking consolation and, eventually, redemption through basic compassion.","82"
"66","66"," The Great Dictator","https://imdb.com/title/tt0032553/?ref_=chttp_t_66","https://imdb.com/title/tt0032553/?ref_=chttp_t_66","9.2","2M","Don Vito Corleone, head of a mafia family, decides to hand over his empire to his youngest son Michael. However, his decision unintentionally puts the lives of his loved ones in grave danger.","100"
"67","67"," Oppenheimer","https://imdb.com/title/tt15398776/?ref_=chttp_t_67","https://imdb.com/title/tt15398776/?ref_=chttp_t_67","9.3","2.8M","Over the course of several years, two convicts form a friendship, seeking consolation and, eventually, redemption through basic compassion.","82"
"68","68"," Aliens","https://imdb.com/title/tt0090605/?ref_=chttp_t_68","https://imdb.com/title/tt0090605/?ref_=chttp_t_68","9.2","2M","Don Vito Corleone, head of a mafia family, decides to hand over his empire to his youngest son Michael. However, his decision unintentionally puts the lives of his loved ones in grave danger.","100"
"69","69"," Inglourious Basterds","https://imdb.com/title/tt0361748/?ref_=chttp_t_69","https://imdb.com/title/tt0361748/?ref_=chttp_t_69","9.3","2.8M","Over the course of several years, two convicts form a friendship, seeking consolation and, eventually, redemption through basic compassion.","82"
"70","70"," The Dark Knight Rises","https://imdb.com/title/tt1345836/?ref_=chttp_t_70","https://imdb.com/title/tt1345836/?ref_=chttp_t_70","9.2","2M","Don Vito Corleone, head of a mafia family, decides to hand over his empire to his youngest son Michael. However, his decision unintentionally puts the lives of his loved ones in grave danger.","100"
"71","71"," American Beauty","https://imdb.com/title/tt0169547/?ref_=chttp_t_71","https://imdb.com/title/tt0169547/?ref_=chttp_t_71","9.3","2.8M","Over the course of several years, two convicts form a friendship, seeking consolation and, eventually, redemption through basic compassion.","82"
"72","72"," Dr","https://imdb.com/title/tt0057012/?ref_=chttp_t_72","https://imdb.com/title/tt0057012/?ref_=chttp_t_72","9.2","2M","Don Vito Corleone, head of a mafia family, decides to hand over his empire to his youngest son Michael. However, his decision unintentionally puts the lives of his loved ones in grave danger.","100"
"73","73"," Oldboy","https://imdb.com/title/tt0364569/?ref_=chttp_t_73","https://imdb.com/title/tt0364569/?ref_=chttp_t_73","9.3","2.8M","Over the course of several years, two convicts form a friendship, seeking consolation and, eventually, redemption through basic compassion.","82"
"74","74"," Coco","https://imdb.com/title/tt2380307/?ref_=chttp_t_74","https://imdb.com/title/tt2380307/?ref_=chttp_t_74","9.2","2M","Don Vito Corleone, head of a mafia family, decides to hand over his empire to his youngest son Michael. However, his decision unintentionally puts the lives of his loved ones in grave danger.","100"
"75","75"," Amadeus","https://imdb.com/title/tt0086879/?ref_=chttp_t_75","https://imdb.com/title/tt0086879/?ref_=chttp_t_75","9.3","2.8M","Over the course of several years, two convicts form a friendship, seeking consolation and, eventually, redemption through basic compassion.","82"
"76","76"," Toy Story","https://imdb.com/title/tt0114709/?ref_=chttp_t_76","https://imdb.com/title/tt0114709/?ref_=chttp_t_76","9.2","2M","Don Vito Corleone, head of a mafia family, decides to hand over his empire to his youngest son Michael. However, his decision unintentionally puts the lives of his loved ones in grave danger.","100"
"77","77"," Das Boot","https://imdb.com/title/tt0082096/?ref_=chttp_t_77","https://imdb.com/title/tt0082096/?ref_=chttp_t_77","9.3","2.8M","Over the course of several years, two convicts form a friendship, seeking consolation and, eventually, redemption through basic compassion.","82"
"78","78"," Braveheart","https://imdb.com/title/tt0112573/?ref_=chttp_t_78","https://imdb.com/title/tt0112573/?ref_=chttp_t_78","9.2","2M","Don Vito Corleone, head of a mafia family, decides to hand over his empire to his youngest son Michael. However, his decision unintentionally puts the lives of his loved ones in grave danger.","100"
"79","79"," Avengers: Endgame","https://imdb.com/title/tt4154796/?ref_=chttp_t_79","https://imdb.com/title/tt4154796/?ref_=chttp_t_79","9.3","2.8M","Over the course of several years, two convicts form a friendship, seeking consolation and, eventually, redemption through basic compassion.","82"
"80","80"," Joker","https://imdb.com/title/tt7286456/?ref_=chttp_t_80","https://imdb.com/title/tt7286456/?ref_=chttp_t_80","9.2","2M","Don Vito Corleone, head of a mafia family, decides to hand over his empire to his youngest son Michael. However, his decision unintentionally puts the lives of his loved ones in grave danger.","100"
"81","81"," Princess Mononoke","https://imdb.com/title/tt0119698/?ref_=chttp_t_81","https://imdb.com/title/tt0119698/?ref_=chttp_t_81","9.3","2.8M","Over the course of several years, two convicts form a friendship, seeking consolation and, eventually, redemption through basic compassion.","82"
"82","82"," Good Will Hunting","https://imdb.com/title/tt0119217/?ref_=chttp_t_82","https://imdb.com/title/tt0119217/?ref_=chttp_t_82","9.2","2M","Don Vito Corleone, head of a mafia family, decides to hand over his empire to his youngest son Michael. However, his decision unintentionally puts the lives of his loved ones in grave danger.","100"
"83","83"," Your Name","https://imdb.com/title/tt5311514/?ref_=chttp_t_83","https://imdb.com/title/tt5311514/?ref_=chttp_t_83","9.3","2.8M","Over the course of several years, two convicts form a friendship, seeking consolation and, eventually, redemption through basic compassion.","82"
"84","84"," Once Upon a Time in America","https://imdb.com/title/tt0087843/?ref_=chttp_t_84","https://imdb.com/title/tt0087843/?ref_=chttp_t_84","9.2","2M","Don Vito Corleone, head of a mafia family, decides to hand over his empire to his youngest son Michael. However, his decision unintentionally puts the lives of his loved ones in grave danger.","100"
"85","85"," 3 Idiots","https://imdb.com/title/tt1187043/?ref_=chttp_t_85","https://imdb.com/title/tt1187043/?ref_=chttp_t_85","9.3","2.8M","Over the course of several years, two convicts form a friendship, seeking consolation and, eventually, redemption through basic compassion.","82"
"86","86"," High and Low","https://imdb.com/title/tt0057565/?ref_=chttp_t_86","https://imdb.com/title/tt0057565/?ref_=chttp_t_86","9.2","2M","Don Vito Corleone, head of a mafia family, decides to hand over his empire to his youngest son Michael. However, his decision unintentionally puts the lives of his loved ones in grave danger.","100"
"87","87"," Singin' in the Rain","https://imdb.com/title/tt0045152/?ref_=chttp_t_87","https://imdb.com/title/tt0045152/?ref_=chttp_t_87","9.3","2.8M","Over the course of several years, two convicts form a friendship, seeking consolation and, eventually, redemption through basic compassion.","82"
"88","88"," Capernaum","https://imdb.com/title/tt8267604/?ref_=chttp_t_88","https://imdb.com/title/tt8267604/?ref_=chttp_t_88","9.2","2M","Don Vito Corleone, head of a mafia family, decides to hand over his empire to his youngest son Michael. However, his decision unintentionally puts the lives of his loved ones in grave danger.","100"
"89","89"," Requiem for a Dream","https://imdb.com/title/tt0180093/?ref_=chttp_t_89","https://imdb.com/title/tt0180093/?ref_=chttp_t_89","9.3","2.8M","Over the course of several years, two convicts form a friendship, seeking consolation and, eventually, redemption through basic compassion.","82"
"90","90"," Come and See","https://imdb.com/title/tt0091251/?ref_=chttp_t_90","https://imdb.com/title/tt0091251/?ref_=chttp_t_90","9.2","2M","Don Vito Corleone, head of a mafia family, decides to hand over his empire to his youngest son Michael. However, his decision unintentionally puts the lives of his loved ones in grave danger.","100"
"91","91"," Toy Story 3","https://imdb.com/title/tt0435761/?ref_=chttp_t_91","https://imdb.com/title/tt0435761/?ref_=chttp_t_91","9.3","2.8M","Over the course of several years, two convicts form a friendship, seeking consolation and, eventually, redemption through basic compassion.","82"
"92","92"," Star Wars: Episode VI - Return of the Jedi","https://imdb.com/title/tt0086190/?ref_=chttp_t_92","https://imdb.com/title/tt0086190/?ref_=chttp_t_92","9.2","2M","Don Vito Corleone, head of a mafia family, decides to hand over his empire to his youngest son Michael. However, his decision unintentionally puts the lives of his loved ones in grave danger.","100"
"93","93"," Eternal Sunshine of the Spotless Mind","https://imdb.com/title/tt0338013/?ref_=chttp_t_93","https://imdb.com/title/tt0338013/?ref_=chttp_t_93","9.3","2.8M","Over the course of several years, two convicts form a friendship, seeking consolation and, eventually, redemption through basic compassion.","82"
"94","94"," 2001: A Space Odyssey","https://imdb.com/title/tt0062622/?ref_=chttp_t_94","https://imdb.com/title/tt0062622/?ref_=chttp_t_94","9.2","2M","Don Vito Corleone, head of a mafia family, decides to hand over his empire to his youngest son Michael. However, his decision unintentionally puts the lives of his loved ones in grave danger.","100"
"95","95"," The Hunt","https://imdb.com/title/tt2106476/?ref_=chttp_t_95","https://imdb.com/title/tt2106476/?ref_=chttp_t_95","9.3","2.8M","Over the course of several years, two convicts form a friendship, seeking consolation and, eventually, redemption through basic compassion.","82"
"96","96"," Reservoir Dogs","https://imdb.com/title/tt0105236/?ref_=chttp_t_96","https://imdb.com/title/tt0105236/?ref_=chttp_t_96","9.2","2M","Don Vito Corleone, head of a mafia family, decides to hand over his empire to his youngest son Michael. However, his decision unintentionally puts the lives of his loved ones in grave danger.","100"
"97","97"," Ikiru","https://imdb.com/title/tt0044741/?ref_=chttp_t_97","https://imdb.com/title/tt0044741/?ref_=chttp_t_97","9.3","2.8M","Over the course of several years, two convicts form a friendship, seeking consolation and, eventually, redemption through basic compassion.","82"
"98","98"," Lawrence of Arabia","https://imdb.com/title/tt0056172/?ref_=chttp_t_98","https://imdb.com/title/tt0056172/?ref_=chttp_t_98","9.2","2M","Don Vito Corleone, head of a mafia family, decides to hand over his empire to his youngest son Michael. However, his decision unintentionally puts the lives of his loved ones in grave danger.","100"
"99","99"," The Apartment","https://imdb.com/title/tt0053604/?ref_=chttp_t_99","https://imdb.com/title/tt0053604/?ref_=chttp_t_99","9.3","2.8M","Over the course of several years, two convicts form a friendship, seeking consolation and, eventually, redemption through basic compassion.","82"
"100","100"," Citizen Kane","https://imdb.com/title/tt0033467/?ref_=chttp_t_100","https://imdb.com/title/tt0033467/?ref_=chttp_t_100","9.2","2M","Don Vito Corleone, head of a mafia family, decides to hand over his empire to his youngest son Michael. However, his decision unintentionally puts the lives of his loved ones in grave danger.","100"
"101","101"," M","https://imdb.com/title/tt0022100/?ref_=chttp_t_101","https://imdb.com/title/tt0022100/?ref_=chttp_t_101","9.3","2.8M","Over the course of several years, two convicts form a friendship, seeking consolation and, eventually, redemption through basic compassion.","82"
"102","102"," North by Northwest","https://imdb.com/title/tt0053125/?ref_=chttp_t_102","https://imdb.com/title/tt0053125/?ref_=chttp_t_102","9.2","2M","Don Vito Corleone, head of a mafia family, decides to hand over his empire to his youngest son Michael. However, his decision unintentionally puts the lives of his loved ones in grave danger.","100"
"103","103"," Vertigo","https://imdb.com/title/tt0052357/?ref_=chttp_t_103","https://imdb.com/title/tt0052357/?ref_=chttp_t_103","9.3","2.8M","Over the course of several years, two convicts form a friendship, seeking consolation and, eventually, redemption through basic compassion.","82"
"104","104"," Double Indemnity","https://imdb.com/title/tt0036775/?ref_=chttp_t_104","https://imdb.com/title/tt0036775/?ref_=chttp_t_104","9.2","2M","Don Vito Corleone, head of a mafia family, decides to hand over his empire to his youngest son Michael. However, his decision unintentionally puts the lives of his loved ones in grave danger.","100"
"105","105"," Scarface","https://imdb.com/title/tt0086250/?ref_=chttp_t_105","https://imdb.com/title/tt0086250/?ref_=chttp_t_105","9.3","2.8M","Over the course of several years, two convicts form a friendship, seeking consolation and, eventually, redemption through basic compassion.","82"
"106","106"," Amélie","https://imdb.com/title/tt0211915/?ref_=chttp_t_106","https://imdb.com/title/tt0211915/?ref_=chttp_t_106","9.2","2M","Don Vito Corleone, head of a mafia family, decides to hand over his empire to his youngest son Michael. However, his decision unintentionally puts the lives of his loved ones in grave danger.","100"
"107","107"," Full Metal Jacket","https://imdb.com/title/tt0093058/?ref_=chttp_t_107","https://imdb.com/title/tt0093058/?ref_=chttp_t_107","9.3","2.8M","Over the course of several years, two convicts form a friendship, seeking consolation and, eventually, redemption through basic compassion.","82"
"108","108"," Incendies","https://imdb.com/title/tt1255953/?ref_=chttp_t_108","https://imdb.com/title/tt1255953/?ref_=chttp_t_108","9.2","2M","Don Vito Corleone, head of a mafia family, decides to hand over his empire to his youngest son Michael. However, his decision unintentionally puts the lives of his loved ones in grave danger.","100"
"109","109"," A Clockwork Orange","https://imdb.com/title/tt0066921/?ref_=chttp_t_109","https://imdb.com/title/tt0066921/?ref_=chttp_t_109","9.3","2.8M","Over the course of several years, two convicts form a friendship, seeking consolation and, eventually, redemption through basic compassion.","82"
"110","110"," Heat","https://imdb.com/title/tt0113277/?ref_=chttp_t_110","https://imdb.com/title/tt0113277/?ref_=chttp_t_110","9.2","2M","Don Vito Corleone, head of a mafia family, decides to hand over his empire to his youngest son Michael. However, his decision unintentionally puts the lives of his loved ones in grave danger.","100"
"111","111"," Up","https://imdb.com/title/tt1049413/?ref_=chttp_t_111","https://imdb.com/title/tt1049413/?ref_=chttp_t_111","9.3","2.8M","Over the course of several years, two convicts form a friendship, seeking consolation and, eventually, redemption through basic compassion.","82"
"112","112"," To Kill a Mockingbird","https://imdb.com/title/tt0056592/?ref_=chttp_t_112","https://imdb.com/title/tt0056592/?ref_=chttp_t_112","9.2","2M","Don Vito Corleone, head of a mafia family, decides to hand over his empire to his youngest son Michael. However, his decision unintentionally puts the lives of his loved ones in grave danger.","100"
"113","113"," The Sting","https://imdb.com/title/tt0070735/?ref_=chttp_t_113","https://imdb.com/title/tt0070735/?ref_=chttp_t_113","9.3","2.8M","Over the course of several years, two convicts form a friendship, seeking consolation and, eventually, redemption through basic compassion.","82"
"114","114"," A Separation","https://imdb.com/title/tt1832382/?ref_=chttp_t_114","https://imdb.com/title/tt1832382/?ref_=chttp_t_114","9.2","2M","Don Vito Corleone, head of a mafia family, decides to hand over his empire to his youngest son Michael. However, his decision unintentionally puts the lives of his loved ones in grave danger.","100"
"115","115"," Hamilton","https://imdb.com/title/tt8503618/?ref_=chttp_t_115","https://imdb.com/title/tt8503618/?ref_=chttp_t_115","9.3","2.8M","Over the course of several years, two convicts form a friendship, seeking consolation and, eventually, redemption through basic compassion.","82"
"116","116"," Indiana Jones and the Last Crusade","https://imdb.com/title/tt0097576/?ref_=chttp_t_116","https://imdb.com/title/tt0097576/?ref_=chttp_t_116","9.2","2M","Don Vito Corleone, head of a mafia family, decides to hand over his empire to his youngest son Michael. However, his decision unintentionally puts the lives of his loved ones in grave danger.","100"
"117","117"," Die Hard","https://imdb.com/title/tt0095016/?ref_=chttp_t_117","https://imdb.com/title/tt0095016/?ref_=chttp_t_117","9.3","2.8M","Over the course of several years, two convicts form a friendship, seeking consolation and, eventually, redemption through basic compassion.","82"
"118","118"," Metropolis","https://imdb.com/title/tt0017136/?ref_=chttp_t_118","https://imdb.com/title/tt0017136/?ref_=chttp_t_118","9.2","2M","Don Vito Corleone, head of a mafia family, decides to hand over his empire to his youngest son Michael. However, his decision unintentionally puts the lives of his loved ones in grave danger.","100"
"119","119"," Like Stars on Earth","https://imdb.com/title/tt0986264/?ref_=chttp_t_119","https://imdb.com/title/tt0986264/?ref_=chttp_t_119","9.3","2.8M","Over the course of several years, two convicts form a friendship, seeking consolation and, eventually, redemption through basic compassion.","82"
"120","120"," Snatch","https://imdb.com/title/tt0208092/?ref_=chttp_t_120","https://imdb.com/title/tt0208092/?ref_=chttp_t_120","9.2","2M","Don Vito Corleone, head of a mafia family, decides to hand over his empire to his youngest son Michael. However, his decision unintentionally puts the lives of his loved ones in grave danger.","100"
"121","121"," Bicycle Thieves","https://imdb.com/title/tt0040522/?ref_=chttp_t_121","https://imdb.com/title/tt0040522/?ref_=chttp_t_121","9.3","2.8M","Over the course of several years, two convicts form a friendship, seeking consolation and, eventually, redemption through basic compassion.","82"
"122","122"," L","https://imdb.com/title/tt0119488/?ref_=chttp_t_122","https://imdb.com/title/tt0119488/?ref_=chttp_t_122","9.2","2M","Don Vito Corleone, head of a mafia family, decides to hand over his empire to his youngest son Michael. However, his decision unintentionally puts the lives of his loved ones in grave danger.","100"
"123","123"," 1917","https://imdb.com/title/tt8579674/?ref_=chttp_t_123","https://imdb.com/title/tt8579674/?ref_=chttp_t_123","9.3","2.8M","Over the course of several years, two convicts form a friendship, seeking consolation and, eventually, redemption through basic compassion.","82"
"124","124"," Taxi Driver","https://imdb.com/title/tt0075314/?ref_=chttp_t_124","https://imdb.com/title/tt0075314/?ref_=chttp_t_124","9.2","2M","Don Vito Corleone, head of a mafia family, decides to hand over his empire to his youngest son Michael. However, his decision unintentionally puts the lives of his loved ones in grave danger.","100"
"125","125"," Downfall","https://imdb.com/title/tt0363163/?ref_=chttp_t_125","https://imdb.com/title/tt0363163/?ref_=chttp_t_125","9.3","2.8M","Over the course of several years, two convicts form a friendship, seeking consolation and, eventually, redemption through basic compassion.","82"
"126","126"," Dangal","https://imdb.com/title/tt5074352/?ref_=chttp_t_126","https://imdb.com/title/tt5074352/?ref_=chttp_t_126","9.2","2M","Don Vito Corleone, head of a mafia family, decides to hand over his empire to his youngest son Michael. However, his decision unintentionally puts the lives of his loved ones in grave danger.","100"
"127","127"," For a Few Dollars More","https://imdb.com/title/tt0059578/?ref_=chttp_t_127","https://imdb.com/title/tt0059578/?ref_=chttp_t_127","9.3","2.8M","Over the course of several years, two convicts form a friendship, seeking consolation and, eventually, redemption through basic compassion.","82"
"128","128"," Batman Begins","https://imdb.com/title/tt0372784/?ref_=chttp_t_128","https://imdb.com/title/tt0372784/?ref_=chttp_t_128","9.2","2M","Don Vito Corleone, head of a mafia family, decides to hand over his empire to his youngest son Michael. However, his decision unintentionally puts the lives of his loved ones in grave danger.","100"
"129","129"," Top Gun: Maverick","https://imdb.com/title/tt1745960/?ref_=chttp_t_129","https://imdb.com/title/tt1745960/?ref_=chttp_t_129","9.3","2.8M","Over the course of several years, two convicts form a friendship, seeking consolation and, eventually, redemption through basic compassion.","82"
"130","130"," Some Like It Hot","https://imdb.com/title/tt0053291/?ref_=chttp_t_130","https://imdb.com/title/tt0053291/?ref_=chttp_t_130","9.2","2M","Don Vito Corleone, head of a mafia family, decides to hand over his empire to his youngest son Michael. However, his decision unintentionally puts the lives of his loved ones in grave danger.","100"
"131","131"," The Kid","https://imdb.com/title/tt0012349/?ref_=chttp_t_131","https://imdb.com/title/tt0012349/?ref_=chttp_t_131","9.3","2.8M","Over the course of several years, two convicts form a friendship, seeking consolation and, eventually, redemption through basic compassion.","82"
"132","132"," The Wolf of Wall Street","https://imdb.com/title/tt0993846/?ref_=chttp_t_132","https://imdb.com/title/tt0993846/?ref_=chttp_t_132","9.2","2M","Don Vito Corleone, head of a mafia family, decides to hand over his empire to his youngest son Michael. However, his decision unintentionally puts the lives of his loved ones in grave danger.","100"
"133","133"," The Father","https://imdb.com/title/tt10272386/?ref_=chttp_t_133","https://imdb.com/title/tt10272386/?ref_=chttp_t_133","9.3","2.8M","Over the course of several years, two convicts form a friendship, seeking consolation and, eventually, redemption through basic compassion.","82"
"134","134"," Green Book","https://imdb.com/title/tt6966692/?ref_=chttp_t_134","https://imdb.com/title/tt6966692/?ref_=chttp_t_134","9.2","2M","Don Vito Corleone, head of a mafia family, decides to hand over his empire to his youngest son Michael. However, his decision unintentionally puts the lives of his loved ones in grave danger.","100"
"135","135"," All About Eve","https://imdb.com/title/tt0042192/?ref_=chttp_t_135","https://imdb.com/title/tt0042192/?ref_=chttp_t_135","9.3","2.8M","Over the course of several years, two convicts form a friendship, seeking consolation and, eventually, redemption through basic compassion.","82"
"136","136"," Judgment at Nuremberg","https://imdb.com/title/tt0055031/?ref_=chttp_t_136","https://imdb.com/title/tt0055031/?ref_=chttp_t_136","9.2","2M","Don Vito Corleone, head of a mafia family, decides to hand over his empire to his youngest son Michael. However, his decision unintentionally puts the lives of his loved ones in grave danger.","100"
"137","137"," The Truman Show","https://imdb.com/title/tt0120382/?ref_=chttp_t_137","https://imdb.com/title/tt0120382/?ref_=chttp_t_137","9.3","2.8M","Over the course of several years, two convicts form a friendship, seeking consolation and, eventually, redemption through basic compassion.","82"
"138","138"," There Will Be Blood","https://imdb.com/title/tt0469494/?ref_=chttp_t_138","https://imdb.com/title/tt0469494/?ref_=chttp_t_138","9.2","2M","Don Vito Corleone, head of a mafia family, decides to hand over his empire to his youngest son Michael. However, his decision unintentionally puts the lives of his loved ones in grave danger.","100"
"139","139"," Casino","https://imdb.com/title/tt0112641/?ref_=chttp_t_139","https://imdb.com/title/tt0112641/?ref_=chttp_t_139","9.3","2.8M","Over the course of several years, two convicts form a friendship, seeking consolation and, eventually, redemption through basic compassion.","82"
"140","140"," Shutter Island","https://imdb.com/title/tt1130884/?ref_=chttp_t_140","https://imdb.com/title/tt1130884/?ref_=chttp_t_140","9.2","2M","Don Vito Corleone, head of a mafia family, decides to hand over his empire to his youngest son Michael. However, his decision unintentionally puts the lives of his loved ones in grave danger.","100"
"141","141"," Ran","https://imdb.com/title/tt0089881/?ref_=chttp_t_141","https://imdb.com/title/tt0089881/?ref_=chttp_t_141","9.3","2.8M","Over the course of several years, two convicts form a friendship, seeking consolation and, eventually, redemption through basic compassion.","82"
"142","142"," Jurassic Park","https://imdb.com/title/tt0107290/?ref_=chttp_t_142","https://imdb.com/title/tt0107290/?ref_=chttp_t_142","9.2","2M","Don Vito Corleone, head of a mafia family, decides to hand over his empire to his youngest son Michael. However, his decision unintentionally puts the lives of his loved ones in grave danger.","100"
"143","143"," Pan's Labyrinth","https://imdb.com/title/tt0457430/?ref_=chttp_t_143","https://imdb.com/title/tt0457430/?ref_=chttp_t_143","9.3","2.8M","Over the course of several years, two convicts form a friendship, seeking consolation and, eventually, redemption through basic compassion.","82"
"144","144"," The Sixth Sense","https://imdb.com/title/tt0167404/?ref_=chttp_t_144","https://imdb.com/title/tt0167404/?ref_=chttp_t_144","9.2","2M","Don Vito Corleone, head of a mafia family, decides to hand over his empire to his youngest son Michael. However, his decision unintentionally puts the lives of his loved ones in grave danger.","100"
"145","145"," Unforgiven","https://imdb.com/title/tt0105695/?ref_=chttp_t_145","https://imdb.com/title/tt0105695/?ref_=chttp_t_145","9.3","2.8M","Over the course of several years, two convicts form a friendship, seeking consolation and, eventually, redemption through basic compassion.","82"
"146","146"," A Beautiful Mind","https://imdb.com/title/tt0268978/?ref_=chttp_t_146","https://imdb.com/title/tt0268978/?ref_=chttp_t_146","9.2","2M","Don Vito Corleone, head of a mafia family, decides to hand over his empire to his youngest son Michael. However, his decision unintentionally puts the lives of his loved ones in grave danger.","100"
"147","147"," No Country for Old Men","https://imdb.com/title/tt0477348/?ref_=chttp_t_147","https://imdb.com/title/tt0477348/?ref_=chttp_t_147","9.3","2.8M","Over the course of several years, two convicts form a friendship, seeking consolation and, eventually, redemption through basic compassion.","82"
"148","148"," Yojimbo","https://imdb.com/title/tt0055630/?ref_=chttp_t_148","https://imdb.com/title/tt0055630/?ref_=chttp_t_148","9.2","2M","Don Vito Corleone, head of a mafia family, decides to hand over his empire to his youngest son Michael. However, his decision unintentionally puts the lives of his loved ones in grave danger.","100"
"149","149"," The Treasure of the Sierra Madre","https://imdb.com/title/tt0040897/?ref_=chttp_t_149","https://imdb.com/title/tt0040897/?ref_=chttp_t_149","9.3","2.8M","Over the course of several years, two convicts form a friendship, seeking consolation and, eventually, redemption through basic compassion.","82"
"150","150"," Kill Bill: Vol","https://imdb.com/title/tt0266697/?ref_=chttp_t_150","https://imdb.com/title/tt0266697/?ref_=chttp_t_150","9.2","2M","Don Vito Corleone, head of a mafia family, decides to hand over his empire to his youngest son Michael. However, his decision unintentionally puts the lives of his loved ones in grave danger.","100"
"151","151"," The Thing","https://imdb.com/title/tt0084787/?ref_=chttp_t_151","https://imdb.com/title/tt0084787/?ref_=chttp_t_151","9.3","2.8M","Over the course of several years, two convicts form a friendship, seeking consolation and, eventually, redemption through basic compassion.","82"
"152","152"," Monty Python and the Holy Grail","https://imdb.com/title/tt0071853/?ref_=chttp_t_152","https://imdb.com/title/tt0071853/?ref_=chttp_t_152","9.2","2M","Don Vito Corleone, head of a mafia family, decides to hand over his empire to his youngest son Michael. However, his decision unintentionally puts the lives of his loved ones in grave danger.","100"
"153","153"," The Great Escape","https://imdb.com/title/tt0057115/?ref_=chttp_t_153","https://imdb.com/title/tt0057115/?ref_=chttp_t_153","9.3","2.8M","Over the course of several years, two convicts form a friendship, seeking consolation and, eventually, redemption through basic compassion.","82"
"154","154"," Finding Nemo","https://imdb.com/title/tt0266543/?ref_=chttp_t_154","https://imdb.com/title/tt0266543/?ref_=chttp_t_154","9.2","2M","Don Vito Corleone, head of a mafia family, decides to hand over his empire to his youngest son Michael. However, his decision unintentionally puts the lives of his loved ones in grave danger.","100"
"155","155"," Rashomon","https://imdb.com/title/tt0042876/?ref_=chttp_t_155","https://imdb.com/title/tt0042876/?ref_=chttp_t_155","9.3","2.8M","Over the course of several years, two convicts form a friendship, seeking consolation and, eventually, redemption through basic compassion.","82"
"156","156"," The Elephant Man","https://imdb.com/title/tt0080678/?ref_=chttp_t_156","https://imdb.com/title/tt0080678/?ref_=chttp_t_156","9.2","2M","Don Vito Corleone, head of a mafia family, decides to hand over his empire to his youngest son Michael. However, his decision unintentionally puts the lives of his loved ones in grave danger.","100"
"157","157"," Chinatown","https://imdb.com/title/tt0071315/?ref_=chttp_t_157","https://imdb.com/title/tt0071315/?ref_=chttp_t_157","9.3","2.8M","Over the course of several years, two convicts form a friendship, seeking consolation and, eventually, redemption through basic compassion.","82"
"158","158"," Howl's Moving Castle","https://imdb.com/title/tt0347149/?ref_=chttp_t_158","https://imdb.com/title/tt0347149/?ref_=chttp_t_158","9.2","2M","Don Vito Corleone, head of a mafia family, decides to hand over his empire to his youngest son Michael. However, his decision unintentionally puts the lives of his loved ones in grave danger.","100"
"159","159"," Dial M for Murder","https://imdb.com/title/tt0046912/?ref_=chttp_t_159","https://imdb.com/title/tt0046912/?ref_=chttp_t_159","9.3","2.8M","Over the course of several years, two convicts form a friendship, seeking consolation and, eventually, redemption through basic compassion.","82"
"160","160"," Gone with the Wind","https://imdb.com/title/tt0031381/?ref_=chttp_t_160","https://imdb.com/title/tt0031381/?ref_=chttp_t_160","9.2","2M","Don Vito Corleone, head of a mafia family, decides to hand over his empire to his youngest son Michael. However, his decision unintentionally puts the lives of his loved ones in grave danger.","100"
"161","161"," Prisoners","https://imdb.com/title/tt1392214/?ref_=chttp_t_161","https://imdb.com/title/tt1392214/?ref_=chttp_t_161","9.3","2.8M","Over the course of several years, two convicts form a friendship, seeking consolation and, eventually, redemption through basic compassion.","82"
"162","162"," V for Vendetta","https://imdb.com/title/tt0434409/?ref_=chttp_t_162","https://imdb.com/title/tt0434409/?ref_=chttp_t_162","9.2","2M","Don Vito Corleone, head of a mafia family, decides to hand over his empire to his youngest son Michael. However, his decision unintentionally puts the lives of his loved ones in grave danger.","100"
"163","163"," Raging Bull","https://imdb.com/title/tt0081398/?ref_=chttp_t_163","https://imdb.com/title/tt0081398/?ref_=chttp_t_163","9.3","2.8M","Over the course of several years, two convicts form a friendship, seeking consolation and, eventually, redemption through basic compassion.","82"
"164","164"," Lock, Stock and Two Smoking Barrels","https://imdb.com/title/tt0120735/?ref_=chttp_t_164","https://imdb.com/title/tt0120735/?ref_=chttp_t_164","9.2","2M","Don Vito Corleone, head of a mafia family, decides to hand over his empire to his youngest son Michael. However, his decision unintentionally puts the lives of his loved ones in grave danger.","100"
"165","165"," The Secret in Their Eyes","https://imdb.com/title/tt1305806/?ref_=chttp_t_165","https://imdb.com/title/tt1305806/?ref_=chttp_t_165","9.3","2.8M","Over the course of several years, two convicts form a friendship, seeking consolation and, eventually, redemption through basic compassion.","82"
"166","166"," Inside Out","https://imdb.com/title/tt2096673/?ref_=chttp_t_166","https://imdb.com/title/tt2096673/?ref_=chttp_t_166","9.2","2M","Don Vito Corleone, head of a mafia family, decides to hand over his empire to his youngest son Michael. However, his decision unintentionally puts the lives of his loved ones in grave danger.","100"
"167","167"," Spider-Man: No Way Home","https://imdb.com/title/tt10872600/?ref_=chttp_t_167","https://imdb.com/title/tt10872600/?ref_=chttp_t_167","9.3","2.8M","Over the course of several years, two convicts form a friendship, seeking consolation and, eventually, redemption through basic compassion.","82"
"168","168"," Three Billboards Outside Ebbing, Missouri","https://imdb.com/title/tt5027774/?ref_=chttp_t_168","https://imdb.com/title/tt5027774/?ref_=chttp_t_168","9.2","2M","Don Vito Corleone, head of a mafia family, decides to hand over his empire to his youngest son Michael. However, his decision unintentionally puts the lives of his loved ones in grave danger.","100"
"169","169"," Trainspotting","https://imdb.com/title/tt0117951/?ref_=chttp_t_169","https://imdb.com/title/tt0117951/?ref_=chttp_t_169","9.3","2.8M","Over the course of several years, two convicts form a friendship, seeking consolation and, eventually, redemption through basic compassion.","82"
"170","170"," The Bridge on the River Kwai","https://imdb.com/title/tt0050212/?ref_=chttp_t_170","https://imdb.com/title/tt0050212/?ref_=chttp_t_170","9.2","2M","Don Vito Corleone, head of a mafia family, decides to hand over his empire to his youngest son Michael. However, his decision unintentionally puts the lives of his loved ones in grave danger.","100"
"171","171"," Fargo","https://imdb.com/title/tt0116282/?ref_=chttp_t_171","https://imdb.com/title/tt0116282/?ref_=chttp_t_171","9.3","2.8M","Over the course of several years, two convicts form a friendship, seeking consolation and, eventually, redemption through basic compassion.","82"
"172","172"," Warrior","https://imdb.com/title/tt1291584/?ref_=chttp_t_172","https://imdb.com/title/tt1291584/?ref_=chttp_t_172","9.2","2M","Don Vito Corleone, head of a mafia family, decides to hand over his empire to his youngest son Michael. However, his decision unintentionally puts the lives of his loved ones in grave danger.","100"
"173","173"," Catch Me If You Can","https://imdb.com/title/tt0264464/?ref_=chttp_t_173","https://imdb.com/title/tt0264464/?ref_=chttp_t_173","9.3","2.8M","Over the course of several years, two convicts form a friendship, seeking consolation and, eventually, redemption through basic compassion.","82"
"174","174"," Gran Torino","https://imdb.com/title/tt1205489/?ref_=chttp_t_174","https://imdb.com/title/tt1205489/?ref_=chttp_t_174","9.2","2M","Don Vito Corleone, head of a mafia family, decides to hand over his empire to his youngest son Michael. However, his decision unintentionally puts the lives of his loved ones in grave danger.","100"
"175","175"," Klaus","https://imdb.com/title/tt4729430/?ref_=chttp_t_175","https://imdb.com/title/tt4729430/?ref_=chttp_t_175","9.3","2.8M","Over the course of several years, two convicts form a friendship, seeking consolation and, eventually, redemption through basic compassion.","82"
"176","176"," My Neighbor Totoro","https://imdb.com/title/tt0096283/?ref_=chttp_t_176","https://imdb.com/title/tt0096283/?ref_=chttp_t_176","9.2","2M","Don Vito Corleone, head of a mafia family, decides to hand over his empire to his youngest son Michael. However, his decision unintentionally puts the lives of his loved ones in grave danger.","100"
"177","177"," Million Dollar Baby","https://imdb.com/title/tt0405159/?ref_=chttp_t_177","https://imdb.com/title/tt0405159/?ref_=chttp_t_177","9.3","2.8M","Over the course of several years, two convicts form a friendship, seeking consolation and, eventually, redemption through basic compassion.","82"
"178","178"," Harry Potter and the Deathly Hallows: Part 2","https://imdb.com/title/tt1201607/?ref_=chttp_t_178","https://imdb.com/title/tt1201607/?ref_=chttp_t_178","9.2","2M","Don Vito Corleone, head of a mafia family, decides to hand over his empire to his youngest son Michael. However, his decision unintentionally puts the lives of his loved ones in grave danger.","100"
"179","179"," Children of Heaven","https://imdb.com/title/tt0118849/?ref_=chttp_t_179","https://imdb.com/title/tt0118849/?ref_=chttp_t_179","9.3","2.8M","Over the course of several years, two convicts form a friendship, seeking consolation and, eventually, redemption through basic compassion.","82"
"180","180"," Blade Runner","https://imdb.com/title/tt0083658/?ref_=chttp_t_180","https://imdb.com/title/tt0083658/?ref_=chttp_t_180","9.2","2M","Don Vito Corleone, head of a mafia family, decides to hand over his empire to his youngest son Michael. However, his decision unintentionally puts the lives of his loved ones in grave danger.","100"
"181","181"," 12 Years a Slave","https://imdb.com/title/tt2024544/?ref_=chttp_t_181","https://imdb.com/title/tt2024544/?ref_=chttp_t_181","9.3","2.8M","Over the course of several years, two convicts form a friendship, seeking consolation and, eventually, redemption through basic compassion.","82"
"182","182"," Before Sunrise","https://imdb.com/title/tt0112471/?ref_=chttp_t_182","https://imdb.com/title/tt0112471/?ref_=chttp_t_182","9.2","2M","Don Vito Corleone, head of a mafia family, decides to hand over his empire to his youngest son Michael. However, his decision unintentionally puts the lives of his loved ones in grave danger.","100"
"183","183"," The Grand Budapest Hotel","https://imdb.com/title/tt2278388/?ref_=chttp_t_183","https://imdb.com/title/tt2278388/?ref_=chttp_t_183","9.3","2.8M","Over the course of several years, two convicts form a friendship, seeking consolation and, eventually, redemption through basic compassion.","82"
"184","184"," Ben-Hur","https://imdb.com/title/tt0052618/?ref_=chttp_t_184","https://imdb.com/title/tt0052618/?ref_=chttp_t_184","9.2","2M","Don Vito Corleone, head of a mafia family, decides to hand over his empire to his youngest son Michael. However, his decision unintentionally puts the lives of his loved ones in grave danger.","100"
"185","185"," Barry Lyndon","https://imdb.com/title/tt0072684/?ref_=chttp_t_185","https://imdb.com/title/tt0072684/?ref_=chttp_t_185","9.3","2.8M","Over the course of several years, two convicts form a friendship, seeking consolation and, eventually, redemption through basic compassion.","82"
"186","186"," Gone Girl","https://imdb.com/title/tt2267998/?ref_=chttp_t_186","https://imdb.com/title/tt2267998/?ref_=chttp_t_186","9.2","2M","Don Vito Corleone, head of a mafia family, decides to hand over his empire to his youngest son Michael. However, his decision unintentionally puts the lives of his loved ones in grave danger.","100"
"187","187"," The Gold Rush","https://imdb.com/title/tt0015864/?ref_=chttp_t_187","https://imdb.com/title/tt0015864/?ref_=chttp_t_187","9.3","2.8M","Over the course of several years, two convicts form a friendship, seeking consolation and, eventually, redemption through basic compassion.","82"
"188","188"," Hacksaw Ridge","https://imdb.com/title/tt2119532/?ref_=chttp_t_188","https://imdb.com/title/tt2119532/?ref_=chttp_t_188","9.2","2M","Don Vito Corleone, head of a mafia family, decides to hand over his empire to his youngest son Michael. However, his decision unintentionally puts the lives of his loved ones in grave danger.","100"
"189","189"," In the Name of the Father","https://imdb.com/title/tt0107207/?ref_=chttp_t_189","https://imdb.com/title/tt0107207/?ref_=chttp_t_189","9.3","2.8M","Over the course of several years, two convicts form a friendship, seeking consolation and, eventually, redemption through basic compassion.","82"
"190","190"," Memories of Murder","https://imdb.com/title/tt0353969/?ref_=chttp_t_190","https://imdb.com/title/tt0353969/?ref_=chttp_t_190","9.2","2M","Don Vito Corleone, head of a mafia family, decides to hand over his empire to his youngest son Michael. However, his decision unintentionally puts the lives of his loved ones in grave danger.","100"
"191","191"," On the Waterfront","https://imdb.com/title/tt0047296/?ref_=chttp_t_191","https://imdb.com/title/tt0047296/?ref_=chttp_t_191","9.3","2.8M","Over the course of several years, two convicts form a friendship, seeking consolation and, eventually, redemption through basic compassion.","82"
"192","192"," The General","https://imdb.com/title/tt0017925/?ref_=chttp_t_192","https://imdb.com/title/tt0017925/?ref_=chttp_t_192","9.2","2M","Don Vito Corleone, head of a mafia family, decides to hand over his empire to his youngest son Michael. However, his decision unintentionally puts the lives of his loved ones in grave danger.","100"
"193","193"," The Deer Hunter","https://imdb.com/title/tt0077416/?ref_=chttp_t_193","https://imdb.com/title/tt0077416/?ref_=chttp_t_193","9.3","2.8M","Over the course of several years, two convicts form a friendship, seeking consolation and, eventually, redemption through basic compassion.","82"
"194","194"," Wild Tales","https://imdb.com/title/tt3011894/?ref_=chttp_t_194","https://imdb.com/title/tt3011894/?ref_=chttp_t_194","9.2","2M","Don Vito Corleone, head of a mafia family, decides to hand over his empire to his youngest son Michael. However, his decision unintentionally puts the lives of his loved ones in grave danger.","100"
"195","195"," Dead Poets Society","https://imdb.com/title/tt0097165/?ref_=chttp_t_195","https://imdb.com/title/tt0097165/?ref_=chttp_t_195","9.3","2.8M","Over the course of several years, two convicts form a friendship, seeking consolation and, eventually, redemption through basic compassion.","82"
"196","196"," Wild Strawberries","https://imdb.com/title/tt0050986/?ref_=chttp_t_196","https://imdb.com/title/tt0050986/?ref_=chttp_t_196","9.2","2M","Don Vito Corleone, head of a mafia family, decides to hand over his empire to his youngest son Michael. However, his decision unintentionally puts the lives of his loved ones in grave danger.","100"
"197","197"," The Third Man","https://imdb.com/title/tt0041959/?ref_=chttp_t_197","https://imdb.com/title/tt0041959/?ref_=chttp_t_197","9.3","2.8M","Over the course of several years, two convicts form a friendship, seeking consolation and, eventually, redemption through basic compassion.","82"
"198","198"," Mad Max: Fury Road","https://imdb.com/title/tt1392190/?ref_=chttp_t_198","https://imdb.com/title/tt1392190/?ref_=chttp_t_198","9.2","2M","Don Vito Corleone, head of a mafia family, decides to hand over his empire to his youngest son Michael. However, his decision unintentionally puts the lives of his loved ones in grave danger.","100"
"199","199"," The Wages of Fear","https://imdb.com/title/tt0046268/?ref_=chttp_t_199","https://imdb.com/title/tt0046268/?ref_=chttp_t_199","9.3","2.8M","Over the course of several years, two convicts form a friendship, seeking consolation and, eventually, redemption through basic compassion.","82"
"200","200"," Sherlock Jr","https://imdb.com/title/tt0015324/?ref_=chttp_t_200","https://imdb.com/title/tt0015324/?ref_=chttp_t_200","9.2","2M","Don Vito Corleone, head of a mafia family, decides to hand over his empire to his youngest son Michael. However, his decision unintentionally puts the lives of his loved ones in grave danger.","100"
"201","201"," Monsters, Inc","https://imdb.com/title/tt0198781/?ref_=chttp_t_201","https://imdb.com/title/tt0198781/?ref_=chttp_t_201","9.3","2.8M","Over the course of several years, two convicts form a friendship, seeking consolation and, eventually, redemption through basic compassion.","82"
"202","202"," Jaws","https://imdb.com/title/tt0073195/?ref_=chttp_t_202","https://imdb.com/title/tt0073195/?ref_=chttp_t_202","9.2","2M","Don Vito Corleone, head of a mafia family, decides to hand over his empire to his youngest son Michael. However, his decision unintentionally puts the lives of his loved ones in grave danger.","100"
"203","203"," Mr","https://imdb.com/title/tt0031679/?ref_=chttp_t_203","https://imdb.com/title/tt0031679/?ref_=chttp_t_203","9.3","2.8M","Over the course of several years, two convicts form a friendship, seeking consolation and, eventually, redemption through basic compassion.","82"
"204","204"," How to Train Your Dragon","https://imdb.com/title/tt0892769/?ref_=chttp_t_204","https://imdb.com/title/tt0892769/?ref_=chttp_t_204","9.2","2M","Don Vito Corleone, head of a mafia family, decides to hand over his empire to his youngest son Michael. However, his decision unintentionally puts the lives of his loved ones in grave danger.","100"
"205","205"," Mary and Max","https://imdb.com/title/tt0978762/?ref_=chttp_t_205","https://imdb.com/title/tt0978762/?ref_=chttp_t_205","9.3","2.8M","Over the course of several years, two convicts form a friendship, seeking consolation and, eventually, redemption through basic compassion.","82"
"206","206"," Ford v Ferrari","https://imdb.com/title/tt1950186/?ref_=chttp_t_206","https://imdb.com/title/tt1950186/?ref_=chttp_t_206","9.2","2M","Don Vito Corleone, head of a mafia family, decides to hand over his empire to his youngest son Michael. However, his decision unintentionally puts the lives of his loved ones in grave danger.","100"
"207","207"," The Seventh Seal","https://imdb.com/title/tt0050976/?ref_=chttp_t_207","https://imdb.com/title/tt0050976/?ref_=chttp_t_207","9.3","2.8M","Over the course of several years, two convicts form a friendship, seeking consolation and, eventually, redemption through basic compassion.","82"
"208","208"," Room","https://imdb.com/title/tt3170832/?ref_=chttp_t_208","https://imdb.com/title/tt3170832/?ref_=chttp_t_208","9.2","2M","Don Vito Corleone, head of a mafia family, decides to hand over his empire to his youngest son Michael. However, his decision unintentionally puts the lives of his loved ones in grave danger.","100"
"209","209"," Ratatouille","https://imdb.com/title/tt0382932/?ref_=chttp_t_209","https://imdb.com/title/tt0382932/?ref_=chttp_t_209","9.3","2.8M","Over the course of several years, two convicts form a friendship, seeking consolation and, eventually, redemption through basic compassion.","82"
"210","210"," The Big Lebowski","https://imdb.com/title/tt0118715/?ref_=chttp_t_210","https://imdb.com/title/tt0118715/?ref_=chttp_t_210","9.2","2M","Don Vito Corleone, head of a mafia family, decides to hand over his empire to his youngest son Michael. However, his decision unintentionally puts the lives of his loved ones in grave danger.","100"
"211","211"," Tokyo Story","https://imdb.com/title/tt0046438/?ref_=chttp_t_211","https://imdb.com/title/tt0046438/?ref_=chttp_t_211","9.3","2.8M","Over the course of several years, two convicts form a friendship, seeking consolation and, eventually, redemption through basic compassion.","82"
"212","212"," Rocky","https://imdb.com/title/tt0075148/?ref_=chttp_t_212","https://imdb.com/title/tt0075148/?ref_=chttp_t_212","9.2","2M","Don Vito Corleone, head of a mafia family, decides to hand over his empire to his youngest son Michael. However, his decision unintentionally puts the lives of his loved ones in grave danger.","100"
"213","213"," Hotel Rwanda","https://imdb.com/title/tt0395169/?ref_=chttp_t_213","https://imdb.com/title/tt0395169/?ref_=chttp_t_213","9.3","2.8M","Over the course of several years, two convicts form a friendship, seeking consolation and, eventually, redemption through basic compassion.","82"
"214","214"," Logan","https://imdb.com/title/tt3315342/?ref_=chttp_t_214","https://imdb.com/title/tt3315342/?ref_=chttp_t_214","9.2","2M","Don Vito Corleone, head of a mafia family, decides to hand over his empire to his youngest son Michael. However, his decision unintentionally puts the lives of his loved ones in grave danger.","100"
"215","215"," Spotlight","https://imdb.com/title/tt1895587/?ref_=chttp_t_215","https://imdb.com/title/tt1895587/?ref_=chttp_t_215","9.3","2.8M","Over the course of several years, two convicts form a friendship, seeking consolation and, eventually, redemption through basic compassion.","82"
"216","216"," Platoon","https://imdb.com/title/tt0091763/?ref_=chttp_t_216","https://imdb.com/title/tt0091763/?ref_=chttp_t_216","9.2","2M","Don Vito Corleone, head of a mafia family, decides to hand over his empire to his youngest son Michael. However, his decision unintentionally puts the lives of his loved ones in grave danger.","100"
"217","217"," The Passion of Joan of Arc","https://imdb.com/title/tt0019254/?ref_=chttp_t_217","https://imdb.com/title/tt0019254/?ref_=chttp_t_217","9.3","2.8M","Over the course of several years, two convicts form a friendship, seeking consolation and, eventually, redemption through basic compassion.","82"
"218","218"," The Terminator","https://imdb.com/title/tt0088247/?ref_=chttp_t_218","https://imdb.com/title/tt0088247/?ref_=chttp_t_218","9.2","2M","Don Vito Corleone, head of a mafia family, decides to hand over his empire to his youngest son Michael. However, his decision unintentionally puts the lives of his loved ones in grave danger.","100"
"219","219"," Before Sunset","https://imdb.com/title/tt0381681/?ref_=chttp_t_219","https://imdb.com/title/tt0381681/?ref_=chttp_t_219","9.3","2.8M","Over the course of several years, two convicts form a friendship, seeking consolation and, eventually, redemption through basic compassion.","82"
"220","220"," Jai Bhim","https://imdb.com/title/tt15097216/?ref_=chttp_t_220","https://imdb.com/title/tt15097216/?ref_=chttp_t_220","9.2","2M","Don Vito Corleone, head of a mafia family, decides to hand over his empire to his youngest son Michael. However, his decision unintentionally puts the lives of his loved ones in grave danger.","100"
"221","221"," Rush","https://imdb.com/title/tt1979320/?ref_=chttp_t_221","https://imdb.com/title/tt1979320/?ref_=chttp_t_221","9.3","2.8M","Over the course of several years, two convicts form a friendship, seeking consolation and, eventually, redemption through basic compassion.","82"
"222","222"," Network","https://imdb.com/title/tt0074958/?ref_=chttp_t_222","https://imdb.com/title/tt0074958/?ref_=chttp_t_222","9.2","2M","Don Vito Corleone, head of a mafia family, decides to hand over his empire to his youngest son Michael. However, his decision unintentionally puts the lives of his loved ones in grave danger.","100"
"223","223"," The Best Years of Our Lives","https://imdb.com/title/tt0036868/?ref_=chttp_t_223","https://imdb.com/title/tt0036868/?ref_=chttp_t_223","9.3","2.8M","Over the course of several years, two convicts form a friendship, seeking consolation and, eventually, redemption through basic compassion.","82"
"224","224"," The Exorcist","https://imdb.com/title/tt0070047/?ref_=chttp_t_224","https://imdb.com/title/tt0070047/?ref_=chttp_t_224","9.2","2M","Don Vito Corleone, head of a mafia family, decides to hand over his empire to his youngest son Michael. However, his decision unintentionally puts the lives of his loved ones in grave danger.","100"
"225","225"," Stand by Me","https://imdb.com/title/tt0092005/?ref_=chttp_t_225","https://imdb.com/title/tt0092005/?ref_=chttp_t_225","9.3","2.8M","Over the course of several years, two convicts form a friendship, seeking consolation and, eventually, redemption through basic compassion.","82"
"226","226"," La haine","https://imdb.com/title/tt0113247/?ref_=chttp_t_226","https://imdb.com/title/tt0113247/?ref_=chttp_t_226","9.2","2M","Don Vito Corleone, head of a mafia family, decides to hand over his empire to his youngest son Michael. However, his decision unintentionally puts the lives of his loved ones in grave danger.","100"
"227","227"," Pirates of the Caribbean: The Curse of the Black Pearl","https://imdb.com/title/tt0325980/?ref_=chttp_t_227","https://imdb.com/title/tt0325980/?ref_=chttp_t_227","9.3","2.8M","Over the course of several years, two convicts form a friendship, seeking consolation and, eventually, redemption through basic compassion.","82"
"228","228"," The Wizard of Oz","https://imdb.com/title/tt0032138/?ref_=chttp_t_228","https://imdb.com/title/tt0032138/?ref_=chttp_t_228","9.2","2M","Don Vito Corleone, head of a mafia family, decides to hand over his empire to his youngest son Michael. However, his decision unintentionally puts the lives of his loved ones in grave danger.","100"
"229","229"," The Incredibles","https://imdb.com/title/tt0317705/?ref_=chttp_t_229","https://imdb.com/title/tt0317705/?ref_=chttp_t_229","9.3","2.8M","Over the course of several years, two convicts form a friendship, seeking consolation and, eventually, redemption through basic compassion.","82"
"230","230"," Into the Wild","https://imdb.com/title/tt0758758/?ref_=chttp_t_230","https://imdb.com/title/tt0758758/?ref_=chttp_t_230","9.2","2M","Don Vito Corleone, head of a mafia family, decides to hand over his empire to his youngest son Michael. However, his decision unintentionally puts the lives of his loved ones in grave danger.","100"
"231","231"," Hachi: A Dog's Tale","https://imdb.com/title/tt1028532/?ref_=chttp_t_231","https://imdb.com/title/tt1028532/?ref_=chttp_t_231","9.3","2.8M","Over the course of several years, two convicts form a friendship, seeking consolation and, eventually, redemption through basic compassion.","82"
"232","232"," The Handmaiden","https://imdb.com/title/tt4016934/?ref_=chttp_t_232","https://imdb.com/title/tt4016934/?ref_=chttp_t_232","9.2","2M","Don Vito Corleone, head of a mafia family, decides to hand over his empire to his youngest son Michael. However, his decision unintentionally puts the lives of his loved ones in grave danger.","100"
"233","233"," To Be or Not to Be","https://imdb.com/title/tt0035446/?ref_=chttp_t_233","https://imdb.com/title/tt0035446/?ref_=chttp_t_233","9.3","2.8M","Over the course of several years, two convicts form a friendship, seeking consolation and, eventually, redemption through basic compassion.","82"
"234","234"," My Father and My Son","https://imdb.com/title/tt0476735/?ref_=chttp_t_234","https://imdb.com/title/tt0476735/?ref_=chttp_t_234","9.2","2M","Don Vito Corleone, head of a mafia family, decides to hand over his empire to his youngest son Michael. However, his decision unintentionally puts the lives of his loved ones in grave danger.","100"
"235","235"," Groundhog Day","https://imdb.com/title/tt0107048/?ref_=chttp_t_235","https://imdb.com/title/tt0107048/?ref_=chttp_t_235","9.3","2.8M","Over the course of several years, two convicts form a friendship, seeking consolation and, eventually, redemption through basic compassion.","82"
"236","236"," The Grapes of Wrath","https://imdb.com/title/tt0032551/?ref_=chttp_t_236","https://imdb.com/title/tt0032551/?ref_=chttp_t_236","9.2","2M","Don Vito Corleone, head of a mafia family, decides to hand over his empire to his youngest son Michael. However, his decision unintentionally puts the lives of his loved ones in grave danger.","100"
"237","237"," The Battle of Algiers","https://imdb.com/title/tt0058946/?ref_=chttp_t_237","https://imdb.com/title/tt0058946/?ref_=chttp_t_237","9.3","2.8M","Over the course of several years, two convicts form a friendship, seeking consolation and, eventually, redemption through basic compassion.","82"
"238","238"," The Sound of Music","https://imdb.com/title/tt0059742/?ref_=chttp_t_238","https://imdb.com/title/tt0059742/?ref_=chttp_t_238","9.2","2M","Don Vito Corleone, head of a mafia family, decides to hand over his empire to his youngest son Michael. However, his decision unintentionally puts the lives of his loved ones in grave danger.","100"
"239","239"," Amores Perros","https://imdb.com/title/tt0245712/?ref_=chttp_t_239","https://imdb.com/title/tt0245712/?ref_=chttp_t_239","9.3","2.8M","Over the course of several years, two convicts form a friendship, seeking consolation and, eventually, redemption through basic compassion.","82"
"240","240"," Rebecca","https://imdb.com/title/tt0032976/?ref_=chttp_t_240","https://imdb.com/title/tt0032976/?ref_=chttp_t_240","9.2","2M","Don Vito Corleone, head of a mafia family, decides to hand over his empire to his youngest son Michael. However, his decision unintentionally puts the lives of his loved ones in grave danger.","100"
"241","241"," Cool Hand Luke","https://imdb.com/title/tt0061512/?ref_=chttp_t_241","https://imdb.com/title/tt0061512/?ref_=chttp_t_241","9.3","2.8M","Over the course of several years, two convicts form a friendship, seeking consolation and, eventually, redemption through basic compassion.","82"
"242","242"," The Iron Giant","https://imdb.com/title/tt0129167/?ref_=chttp_t_242","https://imdb.com/title/tt0129167/?ref_=chttp_t_242","9.2","2M","Don Vito Corleone, head of a mafia family, decides to hand over his empire to his youngest son Michael. However, his decision unintentionally puts the lives of his loved ones in grave danger.","100"
"243","243"," The Help","https://imdb.com/title/tt1454029/?ref_=chttp_t_243","https://imdb.com/title/tt1454029/?ref_=chttp_t_243","9.3","2.8M","Over the course of several years, two convicts form a friendship, seeking consolation and, eventually, redemption through basic compassion.","82"
"244","244"," It Happened One Night","https://imdb.com/title/tt0025316/?ref_=chttp_t_244","https://imdb.com/title/tt0025316/?ref_=chttp_t_244","9.2","2M","Don Vito Corleone, head of a mafia family, decides to hand over his empire to his youngest son Michael. However, his decision unintentionally puts the lives of his loved ones in grave danger.","100"
"245","245"," Pather Panchali","https://imdb.com/title/tt0048473/?ref_=chttp_t_245","https://imdb.com/title/tt0048473/?ref_=chttp_t_245","9.3","2.8M","Over the course of several years, two convicts form a friendship, seeking consolation and, eventually, redemption through basic compassion.","82"
"246","246"," The 400 Blows","https://imdb.com/title/tt0053198/?ref_=chttp_t_246","https://imdb.com/title/tt0053198/?ref_=chttp_t_246","9.2","2M","Don Vito Corleone, head of a mafia family, decides to hand over his empire to his youngest son Michael. However, his decision unintentionally puts the lives of his loved ones in grave danger.","100"
"247","247"," Aladdin","https://imdb.com/title/tt0103639/?ref_=chttp_t_247","https://imdb.com/title/tt0103639/?ref_=chttp_t_247","9.3","2.8M","Over the course of several years, two convicts form a friendship, seeking consolation and, eventually, redemption through basic compassion.","82"
"248","248"," Dances with Wolves","https://imdb.com/title/tt0099348/?ref_=chttp_t_248","https://imdb.com/title/tt0099348/?ref_=chttp_t_248","9.2","2M","Don Vito Corleone, head of a mafia family, decides to hand over his empire to his youngest son Michael. However, his decision unintentionally puts the lives of his loved ones in grave danger.","100"
"249","249"," Life of Brian","https://imdb.com/title/tt0079470/?ref_=chttp_t_249","https://imdb.com/title/tt0079470/?ref_=chttp_t_249","9.3","2.8M","Over the course of several years, two convicts form a friendship, seeking consolation and, eventually, redemption through basic compassion.","82"
"250","250"," Drishyam","https://imdb.com/title/tt4430212/?ref_=chttp_t_250","https://imdb.com/title/tt4430212/?ref_=chttp_t_250","9.2","2M","Don Vito Corleone, head of a mafia family, decides to hand over his empire to his youngest son Michael. However, his decision unintentionally puts the lives of his loved ones in grave danger.","100"
